{
  "tables": [
    {
      "id": 0,
      "name": "Pais",
      "x": -390.14125060938625,
      "y": -517.3474708955227,
      "fields": [
        {
          "name": "IdPais",
          "type": "UUID",
          "default": "",
          "check": "",
          "primary": true,
          "unique": true,
          "notNull": true,
          "increment": false,
          "comment": "",
          "id": 0,
          "size": "",
          "values": []
        },
        {
          "name": "Nombre",
          "type": "VARCHAR",
          "default": "",
          "check": "",
          "primary": false,
          "unique": false,
          "notNull": true,
          "increment": false,
          "comment": "",
          "id": 1,
          "size": 255
        },
        {
          "name": "Activo",
          "type": "BIT",
          "default": "",
          "check": "",
          "primary": false,
          "unique": false,
          "notNull": true,
          "increment": false,
          "comment": "",
          "id": 2,
          "size": 1
        },
        {
          "name": "Actualiza",
          "type": "TIMESTAMP",
          "default": "",
          "check": "",
          "primary": false,
          "unique": false,
          "notNull": true,
          "increment": false,
          "comment": "",
          "id": 3,
          "size": "",
          "values": []
        }
      ],
      "comment": "",
      "indices": [],
      "color": "#175e7a",
      "key": 1724188170612
    },
    {
      "id": 1,
      "name": "Departamento",
      "x": -369.66390427768556,
      "y": -790.2827505335531,
      "fields": [
        {
          "name": "IdDepartamento",
          "type": "UUID",
          "default": "",
          "check": "",
          "primary": true,
          "unique": true,
          "notNull": true,
          "increment": false,
          "comment": "",
          "id": 0,
          "size": "",
          "values": []
        },
        {
          "name": "IdPais",
          "type": "UUID",
          "default": "",
          "check": "",
          "primary": false,
          "unique": false,
          "notNull": true,
          "increment": false,
          "comment": "",
          "id": 1,
          "size": "",
          "values": []
        },
        {
          "name": "Nombre",
          "type": "VARCHAR",
          "default": "",
          "check": "",
          "primary": false,
          "unique": false,
          "notNull": true,
          "increment": false,
          "comment": "",
          "id": 2,
          "size": 255
        },
        {
          "name": "Activo",
          "type": "BIT",
          "default": "",
          "check": "",
          "primary": false,
          "unique": false,
          "notNull": true,
          "increment": false,
          "comment": "",
          "id": 3,
          "size": 1
        },
        {
          "name": "Actualiza",
          "type": "TIMESTAMP",
          "default": "",
          "check": "",
          "primary": false,
          "unique": false,
          "notNull": true,
          "increment": false,
          "comment": "",
          "id": 4,
          "size": "",
          "values": []
        }
      ],
      "comment": "",
      "indices": [],
      "color": "#175e7a",
      "key": 1724188254521
    },
    {
      "id": 2,
      "name": "Ciudad",
      "x": 84.94419212754633,
      "y": -823.9375096153245,
      "fields": [
        {
          "name": "IdCiudad",
          "type": "UUID",
          "default": "",
          "check": "",
          "primary": true,
          "unique": true,
          "notNull": true,
          "increment": false,
          "comment": "",
          "id": 0,
          "size": "",
          "values": []
        },
        {
          "name": "IdDepartamento",
          "type": "UUID",
          "default": "",
          "check": "",
          "primary": false,
          "unique": false,
          "notNull": true,
          "increment": false,
          "comment": "",
          "id": 1,
          "size": "",
          "values": []
        },
        {
          "name": "Nombre",
          "type": "VARCHAR",
          "default": "",
          "check": "",
          "primary": false,
          "unique": false,
          "notNull": true,
          "increment": false,
          "comment": "",
          "id": 2,
          "size": 255
        },
        {
          "name": "Activo",
          "type": "BIT",
          "default": "",
          "check": "",
          "primary": false,
          "unique": false,
          "notNull": true,
          "increment": false,
          "comment": "",
          "id": 3,
          "size": 1
        },
        {
          "name": "Actualiza",
          "type": "TIMESTAMP",
          "default": "",
          "check": "",
          "primary": false,
          "unique": false,
          "notNull": true,
          "increment": false,
          "comment": "",
          "id": 4,
          "size": "",
          "values": []
        }
      ],
      "comment": "",
      "indices": [],
      "color": "#175e7a",
      "key": 1724188549595
    },
    {
      "id": 3,
      "name": "TipoDocumento",
      "x": 1071.8025173658782,
      "y": -288.3245350666293,
      "fields": [
        {
          "name": "IdTipoDocumento",
          "type": "UUID",
          "default": "",
          "check": "",
          "primary": true,
          "unique": true,
          "notNull": true,
          "increment": false,
          "comment": "",
          "id": 0,
          "size": "",
          "values": []
        },
        {
          "name": "Nombre",
          "type": "VARCHAR",
          "default": "",
          "check": "",
          "primary": false,
          "unique": false,
          "notNull": true,
          "increment": false,
          "comment": "",
          "id": 1,
          "size": 255
        },
        {
          "name": "Activo",
          "type": "BIT",
          "default": "",
          "check": "",
          "primary": false,
          "unique": false,
          "notNull": true,
          "increment": false,
          "comment": "",
          "id": 2,
          "size": 1
        },
        {
          "name": "Actualiza",
          "type": "TIMESTAMP",
          "default": "",
          "check": "",
          "primary": false,
          "unique": false,
          "notNull": true,
          "increment": false,
          "comment": "",
          "id": 3,
          "size": "",
          "values": []
        }
      ],
      "comment": "",
      "indices": [],
      "color": "#f03c3c",
      "key": 1724354265097
    },
    {
      "id": 4,
      "name": "Genero",
      "x": 1077.3831229905459,
      "y": -508.363927802546,
      "fields": [
        {
          "name": "IdGenero",
          "type": "UUID",
          "default": "",
          "check": "",
          "primary": true,
          "unique": true,
          "notNull": true,
          "increment": false,
          "comment": "",
          "id": 0,
          "size": "",
          "values": []
        },
        {
          "name": "Nombre",
          "type": "VARCHAR",
          "default": "",
          "check": "",
          "primary": false,
          "unique": false,
          "notNull": true,
          "increment": false,
          "comment": "",
          "id": 1,
          "size": 255
        },
        {
          "name": "Activo",
          "type": "BIT",
          "default": "",
          "check": "",
          "primary": false,
          "unique": false,
          "notNull": true,
          "increment": false,
          "comment": "",
          "id": 2,
          "size": 1
        },
        {
          "name": "Actualiza",
          "type": "TIMESTAMP",
          "default": "",
          "check": "",
          "primary": false,
          "unique": false,
          "notNull": true,
          "increment": false,
          "comment": "",
          "id": 3,
          "size": "",
          "values": []
        }
      ],
      "comment": "",
      "indices": [],
      "color": "#f03c3c",
      "key": 1724354338347
    },
    {
      "id": 5,
      "name": "Persona",
      "x": 745.0317470926568,
      "y": -501.7460281229732,
      "fields": [
        {
          "name": "IdPersona",
          "type": "UUID",
          "default": "",
          "check": "",
          "primary": true,
          "unique": true,
          "notNull": true,
          "increment": false,
          "comment": "",
          "id": 0,
          "size": "",
          "values": []
        },
        {
          "name": "IdGenero",
          "type": "UUID",
          "default": "",
          "check": "",
          "primary": false,
          "unique": false,
          "notNull": true,
          "increment": false,
          "comment": "",
          "id": 1,
          "size": "",
          "values": []
        },
        {
          "name": "IdTipoDocumento",
          "type": "UUID",
          "default": "",
          "check": "",
          "primary": false,
          "unique": false,
          "notNull": true,
          "increment": false,
          "comment": "",
          "id": 2,
          "size": "",
          "values": []
        },
        {
          "name": "IdCiudad",
          "type": "UUID",
          "default": "",
          "check": "",
          "primary": false,
          "unique": false,
          "notNull": true,
          "increment": false,
          "comment": "",
          "id": 3,
          "size": "",
          "values": []
        },
        {
          "name": "NombreCompleto",
          "type": "VARCHAR",
          "default": "",
          "check": "",
          "primary": false,
          "unique": false,
          "notNull": true,
          "increment": false,
          "comment": "",
          "id": 4,
          "size": 255,
          "values": []
        },
        {
          "name": "NumeroDocumento",
          "type": "VARCHAR",
          "default": "",
          "check": "",
          "primary": false,
          "unique": false,
          "notNull": true,
          "increment": false,
          "comment": "",
          "id": 5,
          "size": 255
        },
        {
          "name": "Correo",
          "type": "VARCHAR",
          "default": "",
          "check": "",
          "primary": false,
          "unique": false,
          "notNull": true,
          "increment": false,
          "comment": "",
          "id": 6,
          "size": 255,
          "values": []
        },
        {
          "name": "Telefono",
          "type": "VARCHAR",
          "default": "",
          "check": "",
          "primary": false,
          "unique": false,
          "notNull": true,
          "increment": false,
          "comment": "",
          "id": 7,
          "size": 255,
          "values": []
        },
        {
          "name": "FechaNacimiento",
          "type": "DATE",
          "default": "",
          "check": "",
          "primary": false,
          "unique": false,
          "notNull": true,
          "increment": false,
          "comment": "",
          "id": 8,
          "size": "",
          "values": []
        },
        {
          "name": "Usuario",
          "type": "VARCHAR",
          "default": "",
          "check": "",
          "primary": false,
          "unique": false,
          "notNull": true,
          "increment": false,
          "comment": "",
          "id": 9,
          "size": 255
        },
        {
          "name": "Contrasena",
          "type": "VARCHAR",
          "default": "",
          "check": "",
          "primary": false,
          "unique": false,
          "notNull": true,
          "increment": false,
          "comment": "",
          "id": 10,
          "size": 255
        },
        {
          "name": "Activo",
          "type": "BIT",
          "default": "",
          "check": "",
          "primary": false,
          "unique": false,
          "notNull": true,
          "increment": false,
          "comment": "",
          "id": 11,
          "size": 1
        },
        {
          "name": "Actualiza",
          "type": "TIMESTAMP",
          "default": "",
          "check": "",
          "primary": false,
          "unique": false,
          "notNull": true,
          "increment": false,
          "comment": "",
          "id": 12,
          "size": "",
          "values": []
        }
      ],
      "comment": "",
      "indices": [],
      "color": "#bc49c4",
      "key": 1724354424029
    },
    {
      "id": 6,
      "name": "Cliente",
      "x": 1073.594529508394,
      "y": 4.306224265563685,
      "fields": [
        {
          "name": "IdCliente",
          "type": "UUID",
          "default": "",
          "check": "",
          "primary": true,
          "unique": true,
          "notNull": true,
          "increment": false,
          "comment": "",
          "id": 0,
          "size": "",
          "values": []
        },
        {
          "name": "IdPersona",
          "type": "UUID",
          "default": "",
          "check": "",
          "primary": false,
          "unique": false,
          "notNull": true,
          "increment": false,
          "comment": "",
          "id": 1,
          "size": "",
          "values": []
        },
        {
          "name": "FechaRegistro",
          "type": "DATE",
          "default": "",
          "check": "",
          "primary": false,
          "unique": false,
          "notNull": true,
          "increment": false,
          "comment": "",
          "id": 2,
          "size": "",
          "values": []
        },
        {
          "name": "Direccion",
          "type": "VARCHAR",
          "default": "",
          "check": "",
          "primary": false,
          "unique": false,
          "notNull": true,
          "increment": false,
          "comment": "",
          "id": 3,
          "size": 255
        },
        {
          "name": "Activo",
          "type": "BIT",
          "default": "",
          "check": "",
          "primary": false,
          "unique": false,
          "notNull": true,
          "increment": false,
          "comment": "",
          "id": 4,
          "size": 1,
          "values": []
        },
        {
          "name": "Actualiza",
          "type": "TIMESTAMP",
          "default": "",
          "check": "",
          "primary": false,
          "unique": false,
          "notNull": true,
          "increment": false,
          "comment": "",
          "id": 5,
          "size": "",
          "values": []
        }
      ],
      "comment": "",
      "indices": [],
      "color": "#f03c3c",
      "key": 1724354581682
    },
    {
      "id": 7,
      "name": "Tienda",
      "x": 783.809997179369,
      "y": -861.093859157704,
      "fields": [
        {
          "name": "IdTienda",
          "type": "UUID",
          "default": "",
          "check": "",
          "primary": true,
          "unique": true,
          "notNull": true,
          "increment": false,
          "comment": "",
          "id": 0,
          "size": "",
          "values": []
        },
        {
          "name": "Nombre",
          "type": "VARCHAR",
          "default": "",
          "check": "",
          "primary": false,
          "unique": false,
          "notNull": true,
          "increment": false,
          "comment": "",
          "id": 1,
          "size": 255
        },
        {
          "name": "Nit",
          "type": "VARCHAR",
          "default": "",
          "check": "",
          "primary": false,
          "unique": false,
          "notNull": true,
          "increment": false,
          "comment": "",
          "id": 2,
          "size": 255
        },
        {
          "name": "Telefono",
          "type": "VARCHAR",
          "default": "",
          "check": "",
          "primary": false,
          "unique": false,
          "notNull": true,
          "increment": false,
          "comment": "",
          "id": 3,
          "size": 255
        },
        {
          "name": "Correo",
          "type": "VARCHAR",
          "default": "",
          "check": "",
          "primary": false,
          "unique": false,
          "notNull": true,
          "increment": false,
          "comment": "",
          "id": 4,
          "size": 255
        },
        {
          "name": "Activo",
          "type": "BIT",
          "default": "",
          "check": "",
          "primary": false,
          "unique": false,
          "notNull": true,
          "increment": false,
          "comment": "",
          "id": 5,
          "size": 1
        },
        {
          "name": "Actualiza",
          "type": "TIMESTAMP",
          "default": "",
          "check": "",
          "primary": false,
          "unique": false,
          "notNull": true,
          "increment": false,
          "comment": "",
          "id": 6,
          "size": "",
          "values": []
        }
      ],
      "comment": "",
      "indices": [],
      "color": "#6360f7",
      "key": 1724354920106
    },
    {
      "id": 8,
      "name": "Sucursal",
      "x": 460.2372956251504,
      "y": -858.8600361678389,
      "fields": [
        {
          "name": "IdSucursal",
          "type": "UUID",
          "default": "",
          "check": "",
          "primary": true,
          "unique": true,
          "notNull": true,
          "increment": false,
          "comment": "",
          "id": 0,
          "size": "",
          "values": []
        },
        {
          "name": "IdCiudad",
          "type": "UUID",
          "default": "",
          "check": "",
          "primary": false,
          "unique": false,
          "notNull": true,
          "increment": false,
          "comment": "",
          "id": 1,
          "size": "",
          "values": []
        },
        {
          "name": "IdTienda",
          "type": "UUID",
          "default": "",
          "check": "",
          "primary": false,
          "unique": false,
          "notNull": true,
          "increment": false,
          "comment": "",
          "id": 2,
          "size": "",
          "values": []
        },
        {
          "name": "Nombre",
          "type": "VARCHAR",
          "default": "",
          "check": "",
          "primary": false,
          "unique": false,
          "notNull": true,
          "increment": false,
          "comment": "",
          "id": 3,
          "size": 255
        },
        {
          "name": "Activo",
          "type": "BIT",
          "default": "",
          "check": "",
          "primary": false,
          "unique": false,
          "notNull": true,
          "increment": false,
          "comment": "",
          "id": 4,
          "size": 1
        },
        {
          "name": "Actualiza",
          "type": "TIMESTAMP",
          "default": "",
          "check": "",
          "primary": false,
          "unique": false,
          "notNull": true,
          "increment": false,
          "comment": "",
          "id": 5,
          "size": "",
          "values": []
        }
      ],
      "comment": "",
      "indices": [],
      "color": "#6360f7",
      "key": 1724355027985
    },
    {
      "id": 9,
      "name": "Empleado",
      "x": -17.97950707437093,
      "y": -418.8380084218958,
      "fields": [
        {
          "name": "IdEmpleado",
          "type": "UUID",
          "default": "",
          "check": "",
          "primary": true,
          "unique": true,
          "notNull": true,
          "increment": false,
          "comment": "",
          "id": 0,
          "size": "",
          "values": []
        },
        {
          "name": "IdPersona",
          "type": "UUID",
          "default": "",
          "check": "",
          "primary": false,
          "unique": false,
          "notNull": true,
          "increment": false,
          "comment": "",
          "id": 1,
          "size": "",
          "values": []
        },
        {
          "name": "IdSucursal",
          "type": "UUID",
          "default": "",
          "check": "",
          "primary": false,
          "unique": false,
          "notNull": true,
          "increment": false,
          "comment": "",
          "id": 2,
          "size": "",
          "values": []
        },
        {
          "name": "FechaContratacion",
          "type": "DATE",
          "default": "",
          "check": "",
          "primary": false,
          "unique": false,
          "notNull": true,
          "increment": false,
          "comment": "",
          "id": 3,
          "size": "",
          "values": []
        },
        {
          "name": "Salario",
          "type": "NUMERIC",
          "default": "",
          "check": "",
          "primary": false,
          "unique": false,
          "notNull": true,
          "increment": false,
          "comment": "",
          "id": 4
        },
        {
          "name": "Activo",
          "type": "BIT",
          "default": "",
          "check": "",
          "primary": false,
          "unique": false,
          "notNull": true,
          "increment": false,
          "comment": "",
          "id": 5,
          "size": 1
        },
        {
          "name": "Actualiza",
          "type": "TIMESTAMP",
          "default": "",
          "check": "",
          "primary": false,
          "unique": false,
          "notNull": false,
          "increment": false,
          "comment": "",
          "id": 6,
          "size": "",
          "values": []
        }
      ],
      "comment": "",
      "indices": [],
      "color": "#6360f7",
      "key": 1724355127831
    },
    {
      "id": 10,
      "name": "CategoriaProducto",
      "x": -387.4538978396991,
      "y": -202.27608523885908,
      "fields": [
        {
          "name": "IdCategoriaProducto",
          "type": "UUID",
          "default": "",
          "check": "",
          "primary": true,
          "unique": true,
          "notNull": true,
          "increment": false,
          "comment": "",
          "id": 0,
          "size": "",
          "values": []
        },
        {
          "name": "Nombre",
          "type": "VARCHAR",
          "default": "",
          "check": "",
          "primary": false,
          "unique": false,
          "notNull": true,
          "increment": false,
          "comment": "",
          "id": 1,
          "size": 255
        },
        {
          "name": "Descripcion",
          "type": "VARCHAR",
          "default": "",
          "check": "",
          "primary": false,
          "unique": false,
          "notNull": true,
          "increment": false,
          "comment": "",
          "id": 2,
          "size": 255
        },
        {
          "name": "Activo",
          "type": "BIT",
          "default": "",
          "check": "",
          "primary": false,
          "unique": false,
          "notNull": true,
          "increment": false,
          "comment": "",
          "id": 3,
          "size": 1
        },
        {
          "name": "Actualiza",
          "type": "TIMESTAMP",
          "default": "",
          "check": "",
          "primary": false,
          "unique": false,
          "notNull": true,
          "increment": false,
          "comment": "",
          "id": 4,
          "size": "",
          "values": []
        }
      ],
      "comment": "",
      "indices": [],
      "color": "#3cde7d",
      "key": 1724355363707
    },
    {
      "id": 11,
      "name": "TipoProducto",
      "x": -368.36518658322643,
      "y": 79.46295182348001,
      "fields": [
        {
          "name": "IdTipoProducto",
          "type": "UUID",
          "default": "",
          "check": "",
          "primary": true,
          "unique": true,
          "notNull": true,
          "increment": false,
          "comment": "",
          "id": 0,
          "size": "",
          "values": []
        },
        {
          "name": "IdCategoriaProducto",
          "type": "UUID",
          "default": "",
          "check": "",
          "primary": false,
          "unique": false,
          "notNull": true,
          "increment": false,
          "comment": "",
          "id": 1,
          "size": "",
          "values": []
        },
        {
          "name": "Nombre",
          "type": "VARCHAR",
          "default": "",
          "check": "",
          "primary": false,
          "unique": false,
          "notNull": true,
          "increment": false,
          "comment": "",
          "id": 2,
          "size": 255
        },
        {
          "name": "Activo",
          "type": "BIT",
          "default": "",
          "check": "",
          "primary": false,
          "unique": false,
          "notNull": true,
          "increment": false,
          "comment": "",
          "id": 3,
          "size": 1
        },
        {
          "name": "Actualiza",
          "type": "TIMESTAMP",
          "default": "",
          "check": "",
          "primary": false,
          "unique": false,
          "notNull": true,
          "increment": false,
          "comment": "",
          "id": 4,
          "size": "",
          "values": []
        }
      ],
      "comment": "",
      "indices": [],
      "color": "#3cde7d",
      "key": 1724355461191
    },
    {
      "id": 12,
      "name": "Producto",
      "x": -389.4088801602311,
      "y": 370.64925297570755,
      "fields": [
        {
          "name": "IdProducto",
          "type": "UUID",
          "default": "",
          "check": "",
          "primary": true,
          "unique": true,
          "notNull": true,
          "increment": false,
          "comment": "",
          "id": 0,
          "size": "",
          "values": []
        },
        {
          "name": "IdTipoProducto",
          "type": "UUID",
          "default": "",
          "check": "",
          "primary": false,
          "unique": false,
          "notNull": true,
          "increment": false,
          "comment": "",
          "id": 1,
          "size": "",
          "values": []
        },
        {
          "name": "Nombre",
          "type": "VARCHAR",
          "default": "",
          "check": "",
          "primary": false,
          "unique": false,
          "notNull": true,
          "increment": false,
          "comment": "",
          "id": 2,
          "size": 255
        },
        {
          "name": "Descripcion",
          "type": "VARCHAR",
          "default": "",
          "check": "",
          "primary": false,
          "unique": false,
          "notNull": true,
          "increment": false,
          "comment": "",
          "id": 3,
          "size": 255
        },
        {
          "name": "Precio",
          "type": "DECIMAL",
          "default": "",
          "check": "",
          "primary": false,
          "unique": false,
          "notNull": true,
          "increment": false,
          "comment": "",
          "id": 4
        },
        {
          "name": "Stock",
          "type": "DECIMAL",
          "default": "",
          "check": "",
          "primary": false,
          "unique": false,
          "notNull": true,
          "increment": false,
          "comment": "",
          "id": 5
        },
        {
          "name": "Activo",
          "type": "BIT",
          "default": "",
          "check": "",
          "primary": false,
          "unique": false,
          "notNull": true,
          "increment": false,
          "comment": "",
          "id": 6,
          "size": 1
        },
        {
          "name": "Actualiza",
          "type": "TIMESTAMP",
          "default": "",
          "check": "",
          "primary": false,
          "unique": false,
          "notNull": true,
          "increment": false,
          "comment": "",
          "id": 7,
          "size": "",
          "values": []
        }
      ],
      "comment": "",
      "indices": [],
      "color": "#3cde7d",
      "key": 1724355543510
    },
    {
      "id": 13,
      "name": "MetodoPago",
      "x": 786.8950782033834,
      "y": 540.5423988213117,
      "fields": [
        {
          "name": "IdMetodoPago",
          "type": "UUID",
          "default": "",
          "check": "",
          "primary": true,
          "unique": true,
          "notNull": true,
          "increment": false,
          "comment": "",
          "id": 0,
          "size": "",
          "values": []
        },
        {
          "name": "Nombre",
          "type": "VARCHAR",
          "default": "",
          "check": "",
          "primary": false,
          "unique": false,
          "notNull": true,
          "increment": false,
          "comment": "",
          "id": 1,
          "size": 255
        },
        {
          "name": "Descripcion",
          "type": "VARCHAR",
          "default": "",
          "check": "",
          "primary": false,
          "unique": false,
          "notNull": true,
          "increment": false,
          "comment": "",
          "id": 2,
          "size": 255
        },
        {
          "name": "Activo",
          "type": "BIT",
          "default": "",
          "check": "",
          "primary": false,
          "unique": false,
          "notNull": true,
          "increment": false,
          "comment": "",
          "id": 3,
          "size": 1
        },
        {
          "name": "Actualiza",
          "type": "TIMESTAMP",
          "default": "",
          "check": "",
          "primary": false,
          "unique": false,
          "notNull": true,
          "increment": false,
          "comment": "",
          "id": 4,
          "size": "",
          "values": []
        }
      ],
      "comment": "",
      "indices": [],
      "color": "#ffe159",
      "key": 1724355752291
    },
    {
      "id": 14,
      "name": "EstadoFactura",
      "x": 787.3043883605122,
      "y": 286.7448414345913,
      "fields": [
        {
          "name": "IdEstadoFactura",
          "type": "UUID",
          "default": "",
          "check": "",
          "primary": true,
          "unique": true,
          "notNull": true,
          "increment": false,
          "comment": "",
          "id": 0,
          "size": "",
          "values": []
        },
        {
          "name": "Nombre",
          "type": "VARCHAR",
          "default": "",
          "check": "",
          "primary": false,
          "unique": false,
          "notNull": true,
          "increment": false,
          "comment": "",
          "id": 1,
          "size": 255
        },
        {
          "name": "Descripcion",
          "type": "VARCHAR",
          "default": "",
          "check": "",
          "primary": false,
          "unique": false,
          "notNull": true,
          "increment": false,
          "comment": "",
          "id": 2,
          "size": 255
        },
        {
          "name": "Activo",
          "type": "BIT",
          "default": "",
          "check": "",
          "primary": false,
          "unique": false,
          "notNull": true,
          "increment": false,
          "comment": "",
          "id": 3,
          "size": 1
        },
        {
          "name": "Actualiza",
          "type": "TIMESTAMP",
          "default": "",
          "check": "",
          "primary": false,
          "unique": false,
          "notNull": true,
          "increment": false,
          "comment": "",
          "id": 4,
          "size": "",
          "values": []
        }
      ],
      "comment": "",
      "indices": [],
      "color": "#ffe159",
      "key": 1724355830302
    },
    {
      "id": 15,
      "name": "Factura",
      "x": 304.588307168111,
      "y": 346.7937355610395,
      "fields": [
        {
          "name": "IdFactura",
          "type": "UUID",
          "default": "",
          "check": "",
          "primary": true,
          "unique": true,
          "notNull": true,
          "increment": false,
          "comment": "",
          "id": 0,
          "size": "",
          "values": []
        },
        {
          "name": "IdEstadoFactura",
          "type": "UUID",
          "default": "",
          "check": "",
          "primary": false,
          "unique": false,
          "notNull": true,
          "increment": false,
          "comment": "",
          "id": 1,
          "size": "",
          "values": []
        },
        {
          "name": "IdMetodoPago",
          "type": "UUID",
          "default": "",
          "check": "",
          "primary": false,
          "unique": false,
          "notNull": true,
          "increment": false,
          "comment": "",
          "id": 2,
          "size": "",
          "values": []
        },
        {
          "name": "IdEmpleado",
          "type": "UUID",
          "default": "",
          "check": "",
          "primary": false,
          "unique": false,
          "notNull": true,
          "increment": false,
          "comment": "",
          "id": 3,
          "size": "",
          "values": []
        },
        {
          "name": "IdCliente",
          "type": "UUID",
          "default": "",
          "check": "",
          "primary": false,
          "unique": false,
          "notNull": true,
          "increment": false,
          "comment": "",
          "id": 4,
          "size": "",
          "values": []
        },
        {
          "name": "NumeroFactura",
          "type": "VARCHAR",
          "default": "",
          "check": "",
          "primary": false,
          "unique": false,
          "notNull": true,
          "increment": false,
          "comment": "",
          "id": 5,
          "size": 255,
          "values": []
        },
        {
          "name": "Fecha",
          "type": "TIMESTAMP",
          "default": "",
          "check": "",
          "primary": false,
          "unique": false,
          "notNull": true,
          "increment": false,
          "comment": "",
          "id": 6,
          "size": "",
          "values": []
        },
        {
          "name": "Total",
          "type": "DECIMAL",
          "default": "",
          "check": "",
          "primary": false,
          "unique": false,
          "notNull": true,
          "increment": false,
          "comment": "",
          "id": 7,
          "values": []
        },
        {
          "name": "Notas",
          "type": "VARCHAR",
          "default": "",
          "check": "",
          "primary": false,
          "unique": false,
          "notNull": true,
          "increment": false,
          "comment": "",
          "id": 8,
          "size": 255
        },
        {
          "name": "Activo",
          "type": "BIT",
          "default": "",
          "check": "",
          "primary": false,
          "unique": false,
          "notNull": true,
          "increment": false,
          "comment": "",
          "id": 9,
          "size": 1,
          "values": []
        },
        {
          "name": "Actualiza",
          "type": "TIMESTAMP",
          "default": "",
          "check": "",
          "primary": false,
          "unique": false,
          "notNull": true,
          "increment": false,
          "comment": "",
          "id": 10,
          "size": "",
          "values": []
        }
      ],
      "comment": "",
      "indices": [],
      "color": "#ffe159",
      "key": 1724355920817
    },
    {
      "id": 16,
      "name": "DetalleFactura",
      "x": -30.659699106889377,
      "y": 300.8276938139429,
      "fields": [
        {
          "name": "IdDetalleFactura",
          "type": "UUID",
          "default": "",
          "check": "",
          "primary": true,
          "unique": true,
          "notNull": true,
          "increment": false,
          "comment": "",
          "id": 0,
          "size": "",
          "values": []
        },
        {
          "name": "IdFactura",
          "type": "UUID",
          "default": "",
          "check": "",
          "primary": false,
          "unique": false,
          "notNull": true,
          "increment": false,
          "comment": "",
          "id": 1,
          "size": "",
          "values": []
        },
        {
          "name": "IdProducto",
          "type": "UUID",
          "default": "",
          "check": "",
          "primary": false,
          "unique": false,
          "notNull": true,
          "increment": false,
          "comment": "",
          "id": 2,
          "size": "",
          "values": []
        },
        {
          "name": "Cantidad",
          "type": "DECIMAL",
          "default": "",
          "check": "",
          "primary": false,
          "unique": false,
          "notNull": true,
          "increment": false,
          "comment": "",
          "id": 3
        },
        {
          "name": "Subtotal",
          "type": "DECIMAL",
          "default": "",
          "check": "",
          "primary": false,
          "unique": false,
          "notNull": true,
          "increment": false,
          "comment": "",
          "id": 4
        },
        {
          "name": "Activo",
          "type": "BIT",
          "default": "",
          "check": "",
          "primary": false,
          "unique": false,
          "notNull": true,
          "increment": false,
          "comment": "",
          "id": 5,
          "size": 1
        },
        {
          "name": "Actualiza",
          "type": "TIMESTAMP",
          "default": "",
          "check": "",
          "primary": false,
          "unique": false,
          "notNull": true,
          "increment": false,
          "comment": "",
          "id": 6,
          "size": "",
          "values": []
        }
      ],
      "comment": "",
      "indices": [],
      "color": "#ffe159",
      "key": 1724356164051
    }
  ],
  "relationships": [
    {
      "startTableId": 0,
      "startFieldId": 0,
      "endTableId": 1,
      "endFieldId": 1,
      "cardinality": "One to many",
      "updateConstraint": "No action",
      "deleteConstraint": "No action",
      "name": "Departamento_IdPais_fk",
      "id": 0
    },
    {
      "startTableId": 1,
      "startFieldId": 0,
      "endTableId": 2,
      "endFieldId": 1,
      "cardinality": "One to many",
      "updateConstraint": "No action",
      "deleteConstraint": "No action",
      "name": "Departamento_IdDepartamento_fk",
      "id": 1
    },
    {
      "startTableId": 13,
      "startFieldId": 0,
      "endTableId": 15,
      "endFieldId": 2,
      "cardinality": "Many to one",
      "updateConstraint": "No action",
      "deleteConstraint": "No action",
      "name": "MetodoPago_IdMetodoPago_fk",
      "id": 2
    },
    {
      "startTableId": 14,
      "startFieldId": 0,
      "endTableId": 15,
      "endFieldId": 1,
      "cardinality": "Many to one",
      "updateConstraint": "No action",
      "deleteConstraint": "No action",
      "name": "EstadoFactura_IdEstadoFactura_fk",
      "id": 3
    },
    {
      "startTableId": 15,
      "startFieldId": 0,
      "endTableId": 16,
      "endFieldId": 1,
      "cardinality": "One to many",
      "updateConstraint": "No action",
      "deleteConstraint": "No action",
      "name": "Factura_IdFactura_fk",
      "id": 4
    },
    {
      "startTableId": 12,
      "startFieldId": 0,
      "endTableId": 16,
      "endFieldId": 2,
      "cardinality": "One to many",
      "updateConstraint": "No action",
      "deleteConstraint": "No action",
      "name": "Producto_IdProducto_fk",
      "id": 5
    },
    {
      "startTableId": 11,
      "startFieldId": 0,
      "endTableId": 12,
      "endFieldId": 1,
      "cardinality": "One to many",
      "updateConstraint": "No action",
      "deleteConstraint": "No action",
      "name": "TipoProducto_IdTipoProducto_fk",
      "id": 6
    },
    {
      "startTableId": 10,
      "startFieldId": 0,
      "endTableId": 11,
      "endFieldId": 1,
      "cardinality": "One to many",
      "updateConstraint": "No action",
      "deleteConstraint": "No action",
      "name": "CategoriaProducto_IdCategoriaProducto_fk",
      "id": 7
    },
    {
      "startTableId": 3,
      "startFieldId": 0,
      "endTableId": 5,
      "endFieldId": 2,
      "cardinality": "One to many",
      "updateConstraint": "No action",
      "deleteConstraint": "No action",
      "name": "TipoDocumento_IdTipoDocumento_fk",
      "id": 8
    },
    {
      "startTableId": 4,
      "startFieldId": 0,
      "endTableId": 5,
      "endFieldId": 1,
      "cardinality": "One to many",
      "updateConstraint": "No action",
      "deleteConstraint": "No action",
      "name": "Genero_IdGenero_fk",
      "id": 9
    },
    {
      "startTableId": 2,
      "startFieldId": 0,
      "endTableId": 5,
      "endFieldId": 3,
      "cardinality": "One to many",
      "updateConstraint": "No action",
      "deleteConstraint": "No action",
      "name": "Ciudad_IdCiudad_fk",
      "id": 10
    },
    {
      "startTableId": 2,
      "startFieldId": 0,
      "endTableId": 8,
      "endFieldId": 1,
      "cardinality": "One to many",
      "updateConstraint": "No action",
      "deleteConstraint": "No action",
      "name": "Ciudad_IdCiudad_fk",
      "id": 11
    },
    {
      "startTableId": 7,
      "startFieldId": 0,
      "endTableId": 8,
      "endFieldId": 2,
      "cardinality": "One to many",
      "updateConstraint": "No action",
      "deleteConstraint": "No action",
      "name": "Tienda_IdTienda_fk",
      "id": 12
    },
    {
      "startTableId": 8,
      "startFieldId": 0,
      "endTableId": 9,
      "endFieldId": 2,
      "cardinality": "One to many",
      "updateConstraint": "No action",
      "deleteConstraint": "No action",
      "name": "Sucursal_IdSucursal_fk",
      "id": 13
    },
    {
      "startTableId": 5,
      "startFieldId": 0,
      "endTableId": 9,
      "endFieldId": 1,
      "cardinality": "One to many",
      "updateConstraint": "No action",
      "deleteConstraint": "No action",
      "name": "Persona_IdPersona_fk",
      "id": 14
    },
    {
      "startTableId": 5,
      "startFieldId": 0,
      "endTableId": 6,
      "endFieldId": 1,
      "cardinality": "One to many",
      "updateConstraint": "No action",
      "deleteConstraint": "No action",
      "name": "Persona_IdPersona_fk",
      "id": 15
    },
    {
      "startTableId": 6,
      "startFieldId": 0,
      "endTableId": 15,
      "endFieldId": 4,
      "cardinality": "One to many",
      "updateConstraint": "No action",
      "deleteConstraint": "No action",
      "name": "Cliente_IdCliente_fk",
      "id": 16
    },
    {
      "startTableId": 9,
      "startFieldId": 0,
      "endTableId": 15,
      "endFieldId": 3,
      "cardinality": "One to many",
      "updateConstraint": "No action",
      "deleteConstraint": "No action",
      "name": "Empleado_IdEmpleado_fk",
      "id": 17
    }
  ],
  "notes": [],
  "subjectAreas": [],
  "database": "postgresql",
  "types": [],
  "enums": [],
  "title": "Diagrama Entidad-Relación"
}