[
    {
        "IdTienda": "bb87d792-493b-428f-95e4-f67ef5cb1f1f",
        "IdSucursal": "238d2e0b-780a-4845-a4a1-ec8d7675732c",
        "IdEmpleado": "e3b81dc9-36a9-4150-9f72-9f5c5cb5a600",
        "IdPersona": "ed0d3999-acda-47ec-988b-c57f6377f0c3",
        "IdTipoDocumento": "bfb32396-16b2-47bb-a276-fe4d12134555",
        "IdGenero": "383a343c-3445-4dbc-b507-2b8e95d26dcf",
        "NombreTienda": "Tienda Central",
        "NitTienda": "900123456",
        "TelefonoTienda": "3001234567",
        "CorreoTienda": "contacto@tiendacentral.com",
        "NombreSucursal": "Sucursal Medellín Abarrotes",
        "NombreTipoDocumento": "Cédula de Ciudadanía",
        "NombreGenero": "Masculino",
        "NombreCompleto": "Carlos Gómez",
        "NumeroDocumento": "3334445556",
        "CorreoEmpleado": "carlos.gomez@example.com",
        "TelefonoEmpleado": "3006547890",
        "FechaNacimiento": "1988-04-22",
        "Usuario": "carlosgomez",
        "Contrasena": "contrasena101",
        "FechaContratacion": "2024-01-01",
        "Salario": 2500
    },
    {
        "IdTienda": "7eca2826-631e-4cf8-9499-7f2cd645c70c",
        "IdSucursal": "1906cd88-c1ed-42ff-8761-4efe188128c5",
        "IdEmpleado": "745c40ce-1d41-49fa-9779-4150f7e83c2d",
        "IdPersona": "ab953656-a3f2-455c-92a8-0004fc533ee3",
        "IdTipoDocumento": "bfb32396-16b2-47bb-a276-fe4d12134555",
        "IdGenero": "cf02fec1-6933-43a4-8c6f-f43ae9372c53",
        "NombreTienda": "Tienda Norte",
        "NitTienda": "900654321",
        "TelefonoTienda": "3007654321",
        "CorreoTienda": "contacto@tiendanorte.com",
        "NombreSucursal": "Sucursal Bogotá Abarrotes",
        "NombreTipoDocumento": "Cédula de Ciudadanía",
        "NombreGenero": "Femenino",
        "NombreCompleto": "Laura Fernández",
        "NumeroDocumento": "6677889900",
        "CorreoEmpleado": "laura.fernandez@example.com",
        "TelefonoEmpleado": "3012345678",
        "FechaNacimiento": "1991-12-10",
        "Usuario": "laurafernandez",
        "Contrasena": "contrasena202",
        "FechaContratacion": "2024-02-01",
        "Salario": 2700
    },
    {
        "IdTienda": "c8330701-3006-435e-9d38-59ffade1cf38",
        "IdSucursal": "3014be28-24fe-4b97-9f37-67b65495ea9c",
        "IdEmpleado": "4500e57f-06a2-44ea-ab86-a4263daab06b",
        "IdPersona": "d41a2c5c-efc8-4bea-9225-dbd84461d445",
        "IdTipoDocumento": "bfb32396-16b2-47bb-a276-fe4d12134555",
        "IdGenero": "383a343c-3445-4dbc-b507-2b8e95d26dcf",
        "NombreTienda": "Tienda Sur",
        "NitTienda": "900987654",
        "TelefonoTienda": "3009876543",
        "CorreoTienda": "contacto@tiendasur.com",
        "NombreSucursal": "Sucursal Cali Abarrotes",
        "NombreTipoDocumento": "Cédula de Ciudadanía",
        "NombreGenero": "Masculino",
        "NombreCompleto": "Miguel Salazar",
        "NumeroDocumento": "2233445566",
        "CorreoEmpleado": "miguel.salazar@example.com",
        "TelefonoEmpleado": "3006789123",
        "FechaNacimiento": "1984-06-15",
        "Usuario": "miguelsalazar",
        "Contrasena": "contrasena303",
        "FechaContratacion": "2024-03-01",
        "Salario": 2600
    }
]